init_stat,sample_stat,init_unsat,sample_unsat,min_unsat
18.0,14.188101350168152,0.0,18.545539483429863,0.558609128
